participant_id,survey_text
1756,"Smallhouse Rd (at Campbell Ln) heading into town needs to be widened to have room for three lanes (left turn, straight, right turn)."
1480,Doctors should not overreact to the opioid crisis. People in pain shouldn't suffer because others lack self control and abuse the system.
1751,More free meeting space for nonprofits.
1751,After school activity centers for youth with later hours of operation.
1751,More affordable home ownership options.
1748,Better visibility on roads. Reflectors and better signage
1745,The main problem facing is the workforce development. There is over 6500 jobs open in Warren County. This is a big issue.
1510,Create shoulders on the bypass.
1685,"Install a ""train"" sign visible from the Nashville, Industrial & Russellville road entrances to reroute traffic when a trains are crossing."
1652,Older neighborhoods change from owner occupied to rental.  Deterioration occurs.  Stronger landlord/tenant laws needed!
0,Cable TV providers should include all local channels.
1649,We need faster internet service.
1649,Emphasize that ALL immigrants should learn and speak ENGLLISH.
1649,Provide accessible transportation for seniors that have difficulty driving
1649,Insist that schools at all levels have daily physical activity  for all students to help combat the childhood obesity crisis.
1649,Provide regular and affordable daily transport to Nashville Airport from Bowling Green.
1649,Raise drivers license from 16 to 18 and IMPROVE DRIVERS ED CLASSES in High schools  Believe me they are pitiful.
1654,A round about would be the best solution to improve traffic flow on Fairview Ave at Keriakes Park.
1646,"SNAP grants for neighborhood improvements should be available in Warren County, not just in the city."
0,Both school districts shamefully manipulate low economic status parents to gain Title I funding. It should stop.
1640,Hawaii outlaws billboards tokeep the landscape from being blocked I would love to see Bowling Green billboard free
1638,New buildings should not be built right up to the sidewalk to inhibit seeing around corners when driving.
1631,Street lights should be required on residential streets in town. Too many dark corners.
1631,A private (catholic) high school would be beneficial to all.
853,"BG's Kummer Little gym is open limited hours for indoor track. On other hand, County has new gyms that are open lots of hrs. Inequitable."
1611,We must ensure historic preservation codes are properly enforced in our historic districts; lack of consistency erodes our unique aesthetic.
0,More parking for Fountain Square to become a pedestrian zone.
1608,"Build parking garage behind Spencer’s, remove some parking from Ft. Square. Add a green space on top of garage! Soccer field or rooftop food"
1009,Solving the drug crisis should not mean people with health problems/injuries have to suffer with severe pain.
1608,Support more local chefs and brewers! White Squirrel is fantastic and I want to see more of it in BG!
1222,"Kentucky and Adams streets should be two-way roads. Adams St. should be zoned commercial, and Kentucky St. should be zoned residential."
1607,Need term limits for all local elected officiałs
1534,"Support non-public (or public charter) school choice options, and make choice viable for families of ALL income levels."
1592,There are not enough family-centered activities to do down town.
1575,"The Public Library ""Internet Café"" has become a hangout for the homeless, and this has become an issue the community has chosen to ignore."
1560,Police should not focus on Public Intoxication charges for people walking home. We should encourage people to walk -- not drive drunk.
188,Parents should be able to send their kids to the school district of their choice no matter where they live in Bowling Green/Warren County.
1560,"BGPD needs to work toward community policing, where cops patrol the neighborhoods they live in. Stop incentivizing cops to live in suburbs"
1560,Fines and other enforcement actions should be taken against landlords who don't keep up with their properties.
1560,Low-income areas should get beautification money -- not the wealthy who can afford it themselves.
1560,"Locally owned, small businesses should get incentives and assistance -- not chains and outside investors."
1560,City officials need to spread resources across city and not just focus on wealthy neighborhoods. Low-income areas of city are ignored.
1560,Businesses and multi-family dwellings should be required to offer and use recycling services.
1560,"Recycling services need to be improved and modernized. Current contractor uses outdated equipment, services are messy, company unresponsive."
833,City and County should convert existing street lighting to Dark Sky Complaint Lights. #Nomoreorangeglow
0,"Judge/prosecutors should not let influential family of victim push extraordinarily harsh sentences & create more victims, ruined young lives"
0,Better/more mass media choices available.
1530,More walking/nature trails in our sports-centric parks. Have certain hours where walkers can enjoy the beauty of Paul Walker Golf Course.
1543,"Scottsville Rd should be 4+ lanes between I-65 & Lovers Lane, get rid of the service Rd."
1491,"Access Rd, east side of Scottsville Rd. in shopping dist causes congestion. Give right of way to access road or cross streets, not a mix!"
1542,Traffic flow on Cavemill Rd during peek hours (3pm - 5pm)
771,Other counties have school at home on snow days so that kids do not have to make up days.  This should be considered for here.
771,Community Education provides after-school care necessary to working parents.  Funding should not be cut.
1542,The traffic intersection at Scottsville Rd and Pascoe Blvd needs some immediate attention as far as congestion.  It's very unsafe.
1537,We need a significantly sized public library branch in the southern end of Warren County near South Warren.
1496,Many people want something for nothing and if they don't get it they steal it instead of working for it.  We are producing a gimme society.
36,The city and county work together to keep the low socieconomic status children out of certain schools. This reduces learning opportunities.
1516,Pass a No animals on chains in the county.
1516,Pass a no animals in a hot car ordinance.
1516,Allow parents that take their kids out of public schools to use that money in a private school.
1516,Pass an ordinance that requires pet owners to pay a fee if their pets are not fixed.
1518,"Have a Dual Slalom Course, Pump Track & Bike Skills Course co-located by the Low Hollow Mountain Bike Trail at Weldon Peete Park."
1516,Build a homeless park w/tiny homes so they can live & not suffer. There should also be a main house to can receive/organize donations
1506,I believe BGISD and WCS should be combined to lower tax payer overheads of multi-administration wastages
1426,Government should ignore criminal malfeasance/embezzlement of public funds by anyone if little or no funds can be recovered.
1516,A fine if your cat or dog is picked up as a stray and is not spayed or neutered in the county.
1385,"BG needs to develop a marketing campaign to draw Warren Co and surrounding counties to downtown for eating, shopping, and entertainment."
1385,BG needs to redevelop from WKU to the river and beyond. Model after Greenville SC
1385,Bowling Green Government needs more perspective from Millennials. We need ideas for the future not outdated Boomer development ideas.
0,WRECC should provide internet services.
1505,"BGMU needs to be held accountable for their rates and ""averages."""
1505,There needs to be a stoplight at the intersection of Shive Lane and Ken Bale Blvd to improve traffic flow. The backups there are awful.
1488,"24hr parks would be a huge, and relatively inexpensive, benefit for the many people in our community who work 2nd and 3rd shifts."
1502,Bowling Green needs to pass a resolution in support of medical cannabis.
0,A kayak trail from Lampkin Park to Barren River. Improved River access.
1432,"How is it that surrounding counties have county wide high speed internet, yet one third of Warren County residents have slow or no internet?"
1348,Greek Life should be monitored on WKU's campus.
1348,There should be more healthy food options near/on campus of WKU.
1353,Bowling Green should have basic zoning mandates in order to beautify decrepit buildings/gravel lawns/general trashiness.
1349,Bowling Green needs more accessible programs for mentorships of young adults and teenagers.
1353,Bowling Green should have more healthy/clean eating options for those who have limited diets.
1335,Holly drive needs sidewalks
1338,stronger enforcement of junk cars in yards and trashy looking yards in general
0,The face of drug dealers has changed. Today most opioid drug dealers are doctors or teenagers in the suburbs ordering from China.
0,We know fentanyl is coming through our post office. Law enforcement should have dogs finding it before it kills the next youth.
1318,Working folks need ordinances struck down that prevent them from assembling to bargain for better pay. benefits and working conditions.
0,Doctors over-prescribing opioids should be sentenced at least as harshly as street dealers if not more harshly due to their knowledge.
1298,State and federal medical societies are unable or unwilling to police their members regarding the drug dependency problem.
1298,Doctors who prescribe pain and tranquilizing meds too easily fuel the drug dependency crisis.
1298,American comfort and avoidance of any pain or suffering drives the drug dependency problem.
1298,Individual unhappiness combined with easy legal and illegal availability of drugs drives the opioid crisis.
1314,We need more pet stores
1307,BG needs to increase recycling and trash bins around the parks and parkways to decrease trash and litter
301,There is too much bullying in our schools that administrators are ignoring.
1296,Bowling Green should be become a carbon neutral city.
301,The Bowling Green Daily News is too politically slanted.
1282,"More weekend activites are needed for YOUNG Seniors, who arent yet ready for Bingo nights."
1290,There should be officers more readily available to the county areas; ex. for domestic violence disputes.
1296,"Bowling Green needs more access to affordable , healthy, local food sources."
1287,"More gender-neutral bathrooms need to be seen across BG on WKU's campus, in local businesses, etc."
1291,There should be gender-neutral housing options on WKU's campus for LGBTQ+ students.
1288,"WKU should open its facilities to the public once or twice a month to the community, and those in need should be welcome more often."
1294,Bowling Green should work on becoming a more food sustainable city with less food waste and food insecurity
1158,"A traffic light is needed on Cave Mill in front of Natcher School.  Operational on school days, 7:30 to 9 AM & 3 to 4:30 PM."
1282,"For a city of this size, there is too little available in the way of weekend activities for Seniors who are not ready for rocking chairs."
981,Encourage growth of OTA tv stations. Lots of cord cutters and shavers enjoy the HD content they can get with an antenna.
1276,Historic preservation of homes and buildings needs countywide attention to maintain our unique architectural heritage.
1275,More citizens need to be involved in the future development of BG. Too many developers who benefit financially are calling the shots.
1269,"Do SOMETHING about completing the ""wrap"" downtown, or at least enhance (and that includes restaurant service) what is currently there."
1265,"Planning & Zoning Board needs an overhaul. Fewer builders appointed, fairness to opposition, stop rubber stamping by P&Z and City Comm."
278,We need grocery store competition. Kroger doesn't even try because they don't have to. I'm sick of rotten produce. Let's get a Publix!
0,Commitment to healthy lifestyles
0,More roundabouts for intersections
1261,Need a better way to work with tenants in the downtown district. Too many come and go because they lack business skills.
0,More healthy restaurants
1261,"Need engaging art installations throughout the city. People will be able to experience art, have fun, and share on social media."
1261,"The downtown parking garage has been an eyesore for years. It's embarrassing, so fix it!"
1261,"Traffic congestion is a major problem, so studying traffic flow closely is the first step."
1259,Concerts and performing arts activities must reflect the diverse racial/ethnic demographic of the city/county.
1259,City/county gov't. (in all of there forms) must reflect the racial/ethnic city/county population demographic to assist in recruitment/growth
1251,Mesonet provides valuable and protective weather information and funding for it should not be cut.
1257,"Fountain Square is experiencing an increase in aggressive panhandling, BGPD needs to establish their presence for citizen's safety."
1253,"City/county leaders should be cautious of ""build it and they will come"" mentality for growth and development."
1222,"Future charter schools would be a financial burden to public school funding, unless they are held to accountability by local school boards."
1232,"Consistent, once a month testing of our emergency sirens, not just before potential bad weather."
1216,You can't get a job in this county at a large place of employment if you have OLD DUI's on your record. This is an un-needed punishment!
1224,Lower taxes by auditing every department for total accountability & make cuts where possible. Stop city government waste.
1224,There should be an actual complaint filed by a neighbor before Code Enforcement writes a violation. Stop harassing hardworking citizens.
1216,"The very low number of immigrants coming to our county last year was a good thing. Saves costs: Schools, courts, social services-Our taxes!"
1221,Bowling Green needs a stronger separation of church-mosque-temple and state.
1196,People should not be allowed to bring their pets every place or store they go to.
1200,Bowling Green needs more pet-friendly housing options for renters.
1188,"There should be no punishment for small amounts of marijuana possession, in my opinion"
1183,"Bowling Green needs more cultural and educational establishments, like sciemce, history and art museums."
1181,Require businesses to pick up litter they and their customers generate.
1180,Everyone needs to research (fluoride)...definitely need this to disappear from our water
1171,Louisville rd area needs more businesses and restaurants extending out towards the factories to also bring in revenue from Edmonson Co.
1171,Warren county needs to be more proactive about keeping their county maps up to date of new roads or developments especially online. (Google)
1171,It should be mandatory for all homes/businesses to have visible marking on mailbox and building for their address.
1166,Expand Nashville Rd all the way past Chaney’s & Buchanan park.  Very dangerous area.. very much so for a school area & young drivers.
1165,The LEFT turning light at Nashville onto Dishman & the same for Scottsville onto Lovers Ln.. need to be longer to allow more to go through.
1158,"Need a traffic signal on Cave Mill in front of Natcher School, operating 8-9 AM, 3:30-4:30."
639,"We need to SHADE street lamps. This actually increases visibility, reduces glare, and saves energy/ money. Using LEDs would save money, too."
1060,Local companies that can't fill job openings should recruit from parts of KY w/ high unemployment & pay relocation expenses.
1060,Companies that claim they cannot fill job openings should raise wages and improve working conditions.
1060,Local companies that can't fill job openings & the Workforce Dev't. Board should set up commuter lots and a shuttle service to rural areas.
1060,BGDN should publish each month the number of job positions filled / people employed through the Workforce Development Board’s efforts.
1060,"Bowling Green should consider a program, like Ft Worth Texas's Clean Slate, in which the homeless can earn money by cleaning up the city."
1060,BGDN should publish these BGPD stats weekly – 1) traffic citations 2) vehicle accidents reported; 3) traffic accidents resulting in injury.
1132,The city & county school districts need to be re-evaluated The yards/houses that touch Potter Grays playground r all County school districts
1123,animal cruelty laws need to exist and be enforced
1123,fines for leaving dog feces in public areas needs to be enforced
1123,there should be a tenant/landlord grievance department with legal assistance
1123,Wal-Mart and Kroger grocery pick-up should have to accept EBT for the elderly and disabled
1123,we need transit buses for elderly and disabled in the county and they should be easy to enter and exit/wheelchair accessible
1123,apartment complexes should be required to participate in recycling program
1123,the Bark Park needs more trees and water access for the smaller dogs area
0,Farmers shouldn’t need a permit to build a fence.
0,Planning and zoning laws should change to encourage small businesses and farms.
1111,City Annexed areas need more city services for their tax $$.
1099,"Whenever land is bought by the city/county, the seller and amount sold for needs to be transparent, rather than “LLC” as listed seller."
1099,"We need well planned service roads, instead of so many driveways directly on streets like Campbell Lane and the By pass."
1101,We should have a commuting service between here & Nashville.
1069,Fireworks use in residential areas is out of control with no police presence to enforce the already in place restrictions.
1068,Parking  on both sides of the streets  in apartment subdivisions should  should not be allowed  and police need to enforce the law.
1068,Parking in apartment subdivisions  should monitored closely by police. Parking on subdivision streets shouldn't be allowed.
1053,Owners of large parking lots should be required to break them up with pockets of green space and trees; perhaps create a walkable green path
1063,Make Scott Waste follow their contract - Return trash cans next to the house and not leave them on the sidewalks.  Keep BG clean!
0,Schools should provide an opportunity for nonswimming parent/guardians to have water safety and swimming lessons in private setting.
0,Water safety and swim lessons to all k-12 students.
1050,Building codes prohibiting trophy houses next to common housing
1050,We  a true junior college which offers credit / non credit courses like many other states from basket weaving to cyber security
1045,Greenwood Mall parking lot could become a cooperative solar collection for itself and home surrounding
1045,We need a 6 day a week farmer's market that is open at least 5 hours -
1053,"Legalizing marijuana at the state level could produce substantial tax revenue, but if only BG did, it would cause problems."
1050,Connect business parking lots to reduce unnecessary traffic on main roadways
1053,"Higher education is intended to help young people develop into informed, well-rounded citizens who contribute positively to society."
1053,Animated digital business signs are a road hazard. They distract drivers.
1045,All new and existing sidewalks should have shade trees
1050,Indoor swimming pools for public use and therapy year around without time restrictions due to special swim leagues. Encourage healthier life
1053,"Highway exits spur development, which would likely lead to undesireable suburban sprawl."
1050,Bowling Green  has been monopolized by Houchens.  Limit their growth they own too much of the city for it to be fair to other businesses
1050,Recycling should be encouraged by not charging for the service
1045,"We need to replace ""Room at the Inn"" services with temporary decent housing connected to aid agencies for the homeless"
1045,Every citizen should be within 1 mile of some shaded green space.
1045,Every new apartment building should have shaded parklike space for refreshment of its tenants
1045,We need to carefully preserve agricultural land
1050,"Better enforcement of traffic violations. Too many running red lights, parking in fire lanes, cell phone usage while driving"
1045,The travesty going up on Fairview Ave. should never have been allowed
1044,Better public transit and runs 24 /7 so people without cars can get to work. Also more stops added in residential areas.
1044,Minimum wage needs to go o $15 per hour
1045,All new and existing single family housing should have at least one shade tree planting
1045,Shade trees should be required plantings along all Greenways
1045,We need more incentives for individual and business solar power
1043,Urban sprawl in Bowling Green is a major problem that has made this city less walking/bike friendly.
1047,Increase Internet/Cell/Phone service throughout the county.  First deal with areas that currently don't have any option.
1045,No business should get tax credit without paying  workers at least $10 per hour plus benefits that would increase that to minimum of $15.
1033,Tuckertown area needs fire protection. Currently rated Class 10 expensive insurance. Water lines are close by on Otter Gap & Tuckertown Rds.
1033,County needs to extend water lines in Tuckertown area. About a dozen homes don't have county water or fire hydrants!
1036,I should be allowed to plant flowers in my own yard where ever i want them.
1036,Too much money is spent on making sure we cut our grass and don't park in the yard.
405,BG can’t compete with Nashville or Louisville for young professionals
405,Please increase more family friendly activities
1015,City officials need to work with WKU admin. to address the noise & public nuisance problems with the frat houses and homeowners downtown.
1015,Need to build wider access roads into the city!
1010,"Don't waste $800,000 of tax dollars for a fountain in Lamkin park. Residents would be better served with educational programs for the youth!"
1010,Reduce and/or get rid of the city wage tax.
1010,Build more roads!!! Traffic is terrible here for a small city.
1009,"Need comprehesive probation rehab programs - include addiction treatment, life & job skills & ideas securing housing, training/job etc"
1001,Overdevelopment of rental property is detrimental to cities.  Renters do not pay property tax.  Schools suffer when the tax base is eroded.
1009,"Require 4 yr HS lifeskills class, how to: family finance, file tax, repair/maintain car, repair/maintain home, cook/sew, apply/interview job"
1001,We need a fiber option for internet.
0,There are large fees with the few currently available indoor pools.
999,When the city tears up lawns with projects they should be required to do what it takes so that lawns are same quality they were before.
646,"I see a lot of folks with expired tags on cars, both in state and out of state. Police need to enforce the laws and write more tickets."
646,install traffic cameras and enforce running of stop lights. more traffic enforcement means more $$$ for the city.
646,Police do a shameful job of enforcing traffic laws. more tickets = more compliance and more $$$$$.
646,"Either do the speed limit or get over to the right, to many SLOW, out of county drivers clogging up the roadways."
646,"people need to understand that a STOP sign means STOP, not just slow down and keep going."
166,Oversight committees for projects such as TIF. Elected officials should not be able to sit on unelected boards.
901,Regulate the size & brightness of business signs.
277,"Plan for people, not cars. Walking should be enjoyable, not a hazard."
0,Consider asking low-income or disabled residents what they really need.
0,Build parking areas.
0,Create pedestrian-only streets.
892,A fresh food grocery store to be built in Delafield and Morgantown rd areas within walking distance of residents.
881,It should not take 3 months to get a gynecologist appointment in this city.
881,Traffic and toxic vehicle dependency should NOT be a topic of priority for this city.
881,We need mixed-use development in the most disadvantaged areas of BG.
881,We need more mixed-use developments so people live closely to all basic needs. Mix business and residential zones and increase walkability.
865,Term limits should be initiated on county executives.
860,Affordable supports for the elderly and aging population are needed in our community.
858,Reducing poverty will enhance the quality of life for everyone in our community regardless of status.
854,many parts of the By-pass can and should be widened
851,There should be more opportunities for the arts and sciences in the Housing Authority so the students there can rise above!
842,"Need new schools in Warren County to keep up with population growth, CTE is falling down, Drakes and Greenwood high are way overcrowded"
839,Apartments for 55 and older that are upscale and lovely.
838,"Bowling Green needs more indoor sports facilities, particularly a large complex with multiple indoor soccer fields, for youth."
820,"BGMU needs to offer residential fiber internet as a UTILITY, using Chattanooga as a perfect example."
771,Public school could do alternate teaching styles(like Montessori) in a school within a school set up.  Not all kids learn the same way.
771,High sugar items like pop tarts and chocolate muffins should not be a part of the public school breakfast menu
771,some children with cultural differences or dietary needs cannot eat a typical lunch at school please provide special diet options.
0,Emergency protective orders should not be able to be obtained regarding claims of an incident from a year ago.
796,Too many apartments in Plano. Nice little country setting I bought my home in forever ruined!
788,The intersection of Scottsville road and entrance to Greenview Hospital needs to be widened
785,"Mandatory, expensive fines should be implemented for littering and illegal dumping."
769,BG police should improve officer training and should be held accountable for abuse of power.
762,"A senior living community, designed for 50+ residents rather than 75+ & in failing health residents, is needed — and apparently ignored."
771,Should be an interstate exit for the Woodburn area it could help decrease BG congestion and let people bypass BG all together
770,There are no public adult swim facilities in Bowling Green for year around physical use. The Lovers Lane Complex should be made available
754,The rental market prices are well beyond an affordable housing level and needs to be addressed given the number of renters in BG.
756,BG needs an indoor tennis option
746,"BG needs to install traffic cameras that help police intersections like Gallatin, TN.  This would reduce accidents, traffic flow and add $"
746,Allow residence of an area to vote on new developments that might have impact on them opposed to commissioners/magistrates getting kickbacks
726,Temporary housing for the homeless in the community.
709,Bowling Green needs an indoor / outdoor sports event complex/
706,"Bowling Green would be better if it didn't have the ""Good Ole Boy"" system among so many."
690,City residents do not receive adequate return on County Taxes paid.
690,"Five lane Cemetery Road from Interchange to By Pass, except four lanes through the Cemetery with median prohibiting left turns."
632,More parking downtown.  There are too many reserved spaces which should be available in the evening.
1470,Legalized Marijuana will not only assist Bowling Green in earning Tax revenue but will decrease the strain on our prison system. Win-Win.
1469,The speed limit on WKU campus should be increased from 15 miles per hour to 25 miles per hour.
1456,Provide a food assistance program for college students as students lots of times do not qualify for food stamps due to living on campus
1464,Birth control should be an OTC drug- access to it in Kentucky and in Bowling Green is limited for many women.
1451,"If people are suggesting more advertising for tourists, there needs to be things for tourists to do."
1463,"We need more regulation of opioid drugs, both prescribed and illicit."
1457,"Promote access to mental health treatment, rather than treating addicts as criminals."
1464,"Sex education should include information about consent, safe sex practices, and STD spread and prevention."
1456,We need to offer free full panel STD testing to students and low income families
1456,"We need more Community Farming Programs(where you pay farmers money up front and during harvest you get fresh fruits/veggies, eggs, etc)"
1461,"There should be more cooperation between WKU and Bowling Green, especially for things like internships and community involvement."
1463,There need to be harsher punishments for WKU campus rapes/sexual assaults.
1464,"In order to combat teen pregnancy and STD rates, high schools in Bowling Green should offer comprehensive, medically accurate sex education."
1451,"We need more activities/places to go for teenagers; basically all there is are places to eat, the mall, and the bowling alley"
1465,City schools should be redistricted to more evenly distribute the kids.
1453,"There should be more effort put into teaching students about any potential harmful side effects of drugs, illegal or otherwise."
1454,The bypass area must be developed and utilized for new businesses and attractive structures. It is a neglected area that is losing business.
1455,There should be a push to improve mental health awareness and availability in Bowling Green.
1460,Educate high schoolers on their options after they graduate
1454,The area of downtown and the riverfront should continue to be developed for entertainment and recreation for both day and night activities.
1449,More creative learning classes
1457,Schools should offer more comprehensive sexual education to help lower STD and teen pregnancy rates.
1459,"We need to renovate the run down businesses and store fronts, instead of building new places"
1448,Sewer should be required to be run to all new subdivisions and cost should be split between city/county water systems and builders
1433,More green spaces. All of our parks have just become sports complexes!
0,I should be allowed to keep my yard & home in any manner I please.
0,Make areas around WKU's campus livable for college students. Eliminating section 8 housing will lead to less crime & lower cost of attendance.
1371,A way to improve Bowling Green and the surrounding areas is to improve traffic flow & circulation by limiting the number of traffic lights.
1367,Free WIFI in certain areas - particularly around Fountain Squre
1357,Drivers tests in BG should test over the rules of a turnabout.
1354,Better parking around the square would draw in more college students who like to shop but can not find parking downtown.
1345,More local produce should be incorporated into public school's lunchrooms
1357,Drug information classes should be given to incoming freshmen of WKU to educate them about the risks and health hazards.
1354,There needs to be better access to grocery stores and restaurants from WKU's campus.
1345,All public schools should have an adequate summer feeding program so no child goes hungry.
1356,Arts education should be available in every school in Warren County and other surrounding areas.
1344,"Public school systems need to provide more funding for art education programs, such as music, theater, and visual arts."
1356,Resources to better integrate immigrants and refugees into the community should be put into place.
1357,Parking on the WKU campus should be more accessible to students and visitors.
669,"NO to the ""Fairness"" Ordinance. Current law is sufficient.  ZERO reported instances where LGBTQ people have been discriminated against in BG"
641,Recruit and retain the best k-13 teachers graduating from WKU
666,Vaping should not be added to the smoking ordinance.
0,Smoking should not be allowed in public parks.
0,Smoking should not be allowed within 25 feet of a business.
653,The city of Bowling Green should enforce their existing noise ordinance.
652,"More sidewalks would be great, but first let’s stop people parking on them.  Or stop spending money building them.  Whichever."
639,Institutionalize racism is alive and well here. I know because I have experienced it first hand. We need to have a plan.
0,The Smokey Bones entrance off of Scottsville Road is extremely dangerous and needs a traffic light.
620,"Bowling Green is an excellent place to raise a family, shop, worship, get an education, and recreate. I feel safe in most places here in BG."
618,Too many trees have been torn down to make way for new developments. We should re-plant more trees around Bowling Green.
0,Junking up highways/roadways with signs should not be the primary way tourism is promoted.
581,BG Parks needs more funding  from City
581,"City School taxes are too high , they need to budget more"
0,"Trick or treating should last longer after dark. Many decorations don't show til then. Also start later, parents can't get home in time!"
0,"There should never be a leash law in the county - neighborhood dogs protect, play with and teach kids. It was a factor in living in county."
0,"An unmanned trolley system, possibly solar, might be better long term than buses for some areas."
240,I wish we had train service to Nashville
240,I think we have enough restaurants.
240,Casinos. Bring them here.
240,We need an NBA team. I think we should put the arena where the airport is. Think about it.
0,"Houston ""courtesy police"" maintain safety on access rds enforcing right of way & parking/litter rules, assist traffic flow - we need!"
577,The airport should be moved to the transpark.
36,"One should not be able to literally ""buy"" their way into ability to vote in an election in a locality they do not live in.  $ don't buy vote"
0,"Extra police, or parking enforcement unit should be on duty during events to maintain legal parking"
568,Take advantage of the wonderful summers in KY and have more outdoor public swimming spaces
0,"Multi-use sidewalks should have fixtures for skateboards, bikes like small ramps etc."
0,"Make all future sidewalks wide enough for multi-use (walking, biking, skateboarding etc)"
566,"People want it all, without paying for anything. A healthy community requires taxes people."
462,"Some county roads, such as Hammett Hill Road, are so narrow it's hard for two cars to pass. Surely they could make them a little wider."
540,city needs to work on water run off when we have a lot of rain.. to many places flood on roadways makes driving very dangerous..
536,"With drug use being so prevalent in Warren county, better treatment options need to be offered."
525,Most drugs except meth should be free & government controlled. See Belgium.
452,Some of the roads in the city are not wide enough to put sidewalks in but they do anyway catherine dr is ridiculous
493,Local fuel prices need to investigated.
493,Refugees should be required to learn and speak english.
493,WKU should consider building a parking structure at the Chestnut St lot.
493,The Bowling Green/Warren County Airport needs to be relocated outside of the city limits.
493,The Barren River water front needs to be improved on both sides of the river and include  canoeing and kayaking water features in the river.
493,Bowling Green is in need of an ice rink for recreation and sport.
493,Traffic congestion on Fairview Ave and Cemetery Rd needs to be improved during evening rush hours.
492,Footbridge from airport to across the street. Pilots running across the road.
492,Go to underground utilities. Scottsville rd and the by-pass look awful.
491,Local food and small farms are one of BG best attractions.
491,"BG can link/support hotel/food, recreational/cultural venues in a Tourism Passport, giving discounts when at least 3 are purchased together."
487,Bowling Green needs ev car charging stations. There are none available unless you own a Tesla.
0,Recycling centers should be moved out of town.
0,There should be more officers observing intersections.
474,"I feel Bowling Green could benefit with an additional ambulance service.  Quicker response, and possibly a lower payment when used."
476,Work needs to be done on improving litter pick up and encouraging people dispose of their litter correctly.
210,competition for cable companies and an end to heir price gouging.
460,"Recycling services need to be expanded & improved. With growing population, think of how much land will become dump sites...Ridiculous!"
460,"Planning & Zoning need to do a better job of listening & working with residents. It's not next to their house, so they don't care!"
462,Parking lots should be monitored to prevent illegal parking in handicap spaces.
460,The money I earn & spend is all done within the city limits but as a county resident I have NO voice/vote in city politics. Needs to change!
443,"There should be something a work farm for local prisoners to learn to tend gardens, take care of livestock, and learn to be more useful."
8,Our city should make a bid for Google Fiber to help compete with Spectrum and AT&T.
8,"There are intersections such as the access road along Scottsville that to be reworked, possibly into roundabout or similar designs."
456,Spectrum should have competition and not a monopoly. Rates should be regulated by city county government
453,"If we cut a major program, WKU would lose in the revenue the program brings in, ultimately costing more money."
437,parks and rec should promote and support pickleball for older citizens
434,The entire bypass area is an eyesore and there needs to be a concerted effort like a TIF to revitalize this crucial part of town.
439,Bowling Green should try to emulate Owensboro's Friday night programs downtown.
428,"Driving in this town very dangerous, Drivers Education classes should be required for all new drivers!!!"
411,Many drivers fail to stop as traffic lights turn red.  As many as 3 cars will travel through an intersection after light has changed to red.
413,The feeder road at Shive Lane and Scottsville Road need to be closed off. It is very dangerous.
410,New developments should help pay to widen the roads in the areas where they are increasing traffic.
0,city officials might look into layoff practices on jobs in bowling green ky
0,if there was a law for employers to pay back on bad layoffs and cutbacks
0,Bike lanes that are wide enough to safely ride on without fear of being hit by passing cars.
403,"We need urban planning to ensure that mixed use housing, shopping and new neighborhoods are created to make our community better"
402,"I hope BG can one day link the short, scattered bicycle paths."
372,big projeck in city sould be vote by people
393,Job training programs for lower income
393,Encourage connection between the wealthy and the poor
393,More public transportation options--be creative
393,Higher minimum wage
393,Improved businesses such as banks and groceries in lowest income areas
393,Arts-based charter schools
393,Post-secondary training programs for special education students.
393,More technical education programs for non-graduates of high school
393,Rental assistance programs
323,Busy roads like the by pass either need turn lanes or block left hand turns except at stop lights.
387,BG needs more Summer weekend festivals/activities
380,"Make it a walking city. Sidewalks along the main avenues (scottsville rd, campbell ln, 31 bypass) with plants, benches, art pieces."
277,"When you prioritize the safety of people over automobile speed, all kinds of positive things happen. #slowthecars"
365,"Shopping should be spread across all four corners of the county, so the traffic on Scottsville rd and Campbell lane will be improved."
0,Some local doctors order too many tests.
210,"With jails crowded, it seems many are first time offenders of crimes that hurt no one, nor property. Seems rehab would be better."
360,Develop a manufacturing Work training program for jail inmates that qualify
8,"Funding and support should be given to the existing BG buses, to expand their service area and improve accessibility."
8,"Rental property taxes should be reduced for private landlords to encourage them to develop more, as opposed to large ones like Chandler."
8,"We need to focus more on the existing housing in BG, including renovations and improvements."
345,District judges are biased towards large local companies to the detriment of individuals.
0,Invest in the youth.
0,Actually teach HS students useful things.
36,7% of Paker-Bennett &  3.7% of Bristow homeless. I will pay 6 cents per $100 income to end homelessness for school-age families via Apt. $
36,"City had 109 homeless students in 2017, County Had 112.  Housing those families temporarily is worth raising tax rate from 1.85% to 1.91%."
323,I would love to see a Texas Roadhouse in Bowling Green
329,Bowling Green has many excellent non-public schools; more should be done to make these options available to diverse and low-income families.
329,"The Fairness Ordinance, as currently proposed, poses insufficient protection for religious conscience and should be revised accordingly."
189,Internet services should be a public municipality.
323,We need to grow the internet infrastructure particularly in growing areas of the county like Alvaton.
323,We need to block left turns on the busy parts of the by-pass so people don't block everyone else trying to turn.
323,The WKU Nursing Program should be expanded so we have more nurses
322,Rent is too expensive inside the city limits.
290,"Develop the Greenway so that the paved trail is continuous and reaches major parts of the city including the square, WKU, GM, and others."
314,"Bowling Green's refugee, immigrant, and international student population improves the university and the community."
314,Stronger tenant and renters rights. Landlord accountability for keeping properties in good shape. So many overpriced dilapidated rentals.
313,New home zoning should be for single family dwellings rather than multi-family units (apartments).
308,Developing more bike trails into surrounding areas of the city would allow for a more developed both transport and recreational experiences
305,"A clean, efficient public transportation system would be a huge help to those with limited ability or desire to drive."
305,More bike trails and walking trails would be a great addition.
305,"We need to make it worthwhile for builders to create more quality affordable rental units for residents, rather than more luxury units."
299,Leash laws should be more strictly enforced in both the city and county
301,Traffic improvement on the so-called Bypass.  Most cities actually have a bypass.  Bowling Green doesn't have one.
298,"BG has a bad problem with littering.  My husband and I fill up to 5 recycle bins every week between downtown and campus, cleaning it all up."
0,Relax restrictions on fencing in Home Owners Associations to promote people keeping animals on leashes or in fenced yards.
0,Better ordinances on keeping animals on leashes or in fenced areas are needed.
282,Refugees and immigrants are welcome next door.
277,Why has the Police stop enforcing parking regulations? Park any way any direction. Is it time for a separate Traffic Enforcement Division?
0,Sidewalks are needed along Gary Farms Blvd
277,"Residential Parking Permits for areas near WKU. We can rescue our yards from parking. We pay property taxes for the students' convenience,"
0,Bowling Green needs more competitive internet rates.
0,Bowling Green needs more competitive cable rates.
289,Bowling Green needs to enforce the separation of church and state and impose taxes on churches that politic from the pulpit
289,Bowling Green needs to attract business like Costco and Trader Joe's to keep residents from driving to Nashville on weekends
284,"A favorite place to visit (elsewhere) is a park filled with gently used toys (donated).  It inspires imagination, creativity and sharing."
272,Require new downtown developments to become LEED certified
272,"Increase green spaces, especially near mall, to decrease congestion and improve ""green"" status"
278,Institute a business development grant that encourages WKU grads to stay in Bowling Green by starting local businesses.
278,"Encourage local business development with grants, etc. For a city this size, it is ridiculous that we have basically one local coffee shop!"
272,"Better incorporation of university resources in community, including Kentucky Museum."
274,Refugee neighbors enrich our city's landscape and we should find more ways to welcome and integrate them into the life of the city.
272,"Install new sidewalks along major roads, like Three Springs, and city-wide bike routes, to decrease likelihood of accidents"
272,"We should focus downtown development dollars on rehabilitation and reuse of buildings that can be done so, rather than building new."
274,The arts enrich our city.
274,The university and city should develop stronger mutually beneficial partnerships.
264,"Bowling Green needs Community Enrichment Classes that include woodworking, welding, gardening and general home beautification for hobbyist."
279,Zoning changes should only be made with the consent of a majority of the neighbors in the affected area.
274,It would be great if people in neighborhoods could get to know each other better and neighborhoods were like small communities of neighbors.
274,People in Bowling Green should not be discriminated against based on their sexual orientation.
276,Enact rent control laws to stabilize the constant increase in rates.
92,Bowling Green needs stricter code enforcement on property use and condition in some neighborhoods.
0,The road closure between Shawnee and Patton Way makes access to Nashville Rd take 3 times as long and is a major annoyance.
980,Complete the ky. 185 restructuring project.
326,"We have an estimated 125,000 people but we still don't have a hospital that is trauma center and have to ship everyone to TN or Louisville."
965,City/county parks should be focused on creating and maintain green places for residents to join.Avoid cement parking and adding buildings
973,Higher paying jobs- the ability to move up with reasonable raises.
952,Curbside Recycling and/or Recycle Center in South Warren County
945,It is easy to find a good job in Warren County.
945,The Kentucky Career Center on Chestnut is a great resource to locate employment.
944,"Widen Cemetry Road, Russellville Road, Lover’s Lane, Campbell Lane, The Old ByPass, and Scotsville Road from old ByPass to Natcher Parkway."
942,"Work,with State to complete a wide loop from Scottsville Road across N I65 to N Natcher Pk way."
936,Bowling green needs to work in beautifying the city . More Boulvard like roads with planted flowers and reducing overhead utility clusters.
0,Noise ordinances should be enacted and enforced in the county as they are in the city.
0,Lease laws should be enacted and enforced in the county as they are in the city.
261,Bowling Green should spend less time redoing the same sidewalks over and over again and focus on the areas that actually need improvement.
259,Bowling Green should pass the Uniform Residential Landlord and Tenant Act (or URLTA) to ensure basic standards for landlords and tenants.
253,"When resurfacing a roadway, attention should be given to making the manhole covers level with the new surface."
166,"Unelected school board officials should not have the power to create, add, or increase ""school taxes""."
240,Wish the airport would get better flights. WheelsUp was cool but need more locations. Sad Owensboro is so far ahead there.
240,Like Steamers but hate they ruined that historic building
240,Cops are overzealous in BG. So little crime they try to create trouble. Need to ease off. This city is plenty safe.
240,Need more bike lanes and biker friendly resources
0,There is no reason not to spend 6 cents per $100 to eliminate homelessness for hundreds of school children.
240,We need to commit more resources to the North-Northeast ends of town. Blue collar people who help make Bowling Green what is. Too neglected.
240,"SKYPAC needs to bring in younger, more entertaining acts. It will fall apart if they keep only catering to 50+. Could be a great venue."
240,We need more businesses like White Squirrel and Nats in BG. They add character to our town. Done with the Olive Garden and Belks.
240,The intersection at Taco Bell and KFC is a nightmare
240,Big names and corporations get away with too much. We need fairer regulation and level playing fields for the small and big guys alike.
240,We need to promote competition in town for Charter. AT&T isn't much better and doesn't serve everywhere. Need more fiber to the homes.
240,We need look for a Natcher connection on Three Springs or Elrod Rd
240,Every railroad crossing needs an elevating arm. Too many near accidents for something so inexpensive.
240,The Old Morgantown Rd train crossing needs either an underpass or an overpass
240,There is too much continuous road work going on downtown. They need to get it together.
240,We should think about moving the airport. Too much high dollar land going to waste right now.
240,Why isn't Nashville Rd between the roundabout and Campbell Ln wider? Getting stuck there at 5 o'clock is a plague.
240,The access roads off Scottsville Rd are terrible. They provide constant traffic jams and can be dangerous. We need to budget to fix them.
240,The homeless population is getting out of hand. We need to find better methods for curtailing and rehabing and keeping them off the streets.
240,Our sidewalks need more connectivity. It's too piecemealed and makes some areas unusable.
240,There should be greater checks on our County and City executives. They don't wield too much power but they do wield far too much influence.
240,We should be incentivizing higher paying jobs coming to BG. Cost of living is outrunning wages and it's starting to be a problem.
240,You shouldn't be required to pay County taxes if you live in the City (but not the other way around). It makes no sense.
240,There is not enough done for tourism in Warren Co. We offer much more than Corvettes and we should be promoting other activities.
240,There are too many apartments being built. Our economy can't continue to support it. There will be a bust & it might be sooner than later.
92,Bowling Green City Commission needs to pass an ordinance banning the sale or use of large fireworks in the city limits.
239,Publicizing more cultural activities other than the Bowling Green International Festival.
36,"The city should craft a very simple fairness ordinance, saying no discrimination acquiring housing, but not giving LGBTQ EEOC Bypass @work"
210,"Cable companies need competition and not be allowed to raise rates of  customers. Once you sign on, that is your rate unless you upgrade."
203,Residents using septic tanks should not be charged for waste water.
198,"With a circle, widen Fairview with a left-turn lane west of cemetery."
198,Only a traffic circle at Kereiakes Park on Fairview Ave. is required.
199,"Recreational Cannabis in KY offers tourism, increased revenue, job opportunities, and shows massive leadership in the southern region."
198,New developments should not be approved unless roads and infrastructure capable of handling them are in place.
193,City/County officials with connections to a project or proposal should abstain from voting on the project or proposal.
193,City/county officials should disclose to the public via Daily News all connections they have to a project or proposal well before the vote.
0,My employer has not been responsive to reports of sexual harassment in the workplace.
181,Human trafficking in Bowling Green needs to be investigated by the FBI before it becomes a larger problem swept under the rug.
175,Driver’s education needs to be more thorough and mandatory before 16 year olds are even allowed to drive home from the courthouse.
175,KASPER is an invasion of privacy that contradicts what HIPAA regulations try to protect.
175,Graves Gilbert has created a healthcare monopoly within Bowling Green and the surrounding areas.
166,Local elected government officials should not be able to hold a seat and also be on the TIF board or other unelected boards.
165,The population has out grown the infrastructure in bg/ warren county.
161,"Local government, for profit and non profits should work together on housing and economic equality"
161,Minimum wage required for businesses to receive tax credits should be raised to a living wage
161,"City/County schools should have a minimum one year classroom for immigrant and refugee students so they can learn english, culture and laws"
149,City and county parks departments should provide more programming for adults and seniors.
151,"Trains blocking major roads, stopping, and shutting down all traffic. This problem needs to be solved."
149,The city and county school systems should merge.
146,We are loosing the city’s long established neighborhoods to multi family developments that do not fit in with the single family residences
36,"If city eliminates homelessness via occupational taxes, employers of homeless people need to reimburse city via special occ. tax penalty"
36,City should pay 1.2-1.5m per annum for all homeless k-12 student/families a studio apartment at $500 or less. fund by occ tax move to 1.91%
143,Downtown redevelopment should retain accessible parking for existing businesses.
36,Homeless people deserve full size places like studio apartments.  Not tiny homes like a smurf would desire in a tiny house park.
140,We need jobs to attract our own college educated students so they don’t leave to get better paying jobs
102,Bowling Green & Warren Co. should consolidate into a metro.
132,"Warren County should be completely wet, the idea of a “moist” County is outdated and stunting the financial growth and tourism opportunity."
125,Bowling Green needs to annex a solid geographic area & thereby eliminating those areas within our city that are not receiving city services.
126,The lack of leadership regarding adequate planning and zoning in BG is discouraging.
126,Law enforcement in Bowling Green and Warren county needs more minority representation
126,Downtown at the square and adjacent areas should be a pedestrian mall
129,"Warren county needs to be ""wet"". The city is wet but the county is dry."
125,Industrial hemp should be re-legalized to grow in Kentucky.
119,People need to do all their research before accusing local officials of using their influence for personal gain.
114,LGBTQ fairness is far-left political idiocy.
114,Marijuana should not be legalized.
110,"The downtown district, especially Fountain Square, should have more retail businesses, not offices."
0,A fairness ordinance in Bowling Green would attract new businesses. No one wants to set up show in a town ethically stuck in the 1800s.
110,Bowling Green needs a fairness ordinance to protect the rights of its citizens.
0,Legalizing marijuana would be a boon for the economy.
0,"There are too many traffic lights in parts of Bowling Green (for instance, Scottsville Road)."
0,Impact on traffic flow should be considered with any proposed new developments.
0,"Traffic flow needs to be improved throughout Bowling Green, especially on Scottsville Road."
101,Warren County residents should not be charged the WASTE WATER SERVICE FEE on their water bills.
96,Bring a discount grocer to the downtown area.
96,Build and improve sidewalks in the area of Magnolia Street and 13th to Cabell Drive area for the heavy pedestrian traffic there.
87,More advertising should be done along I-65 to promote tourism into Bowling Green.
0,We need a health food store.
0,"We need more activities for families, such as a large-scale all-in-one kids play arena like All About Kids."
87,Greenwood Mall should be remodeled to attract more buyers.
87,More concerts should be held in Bowling Green
85,Something needs to be done to improve traffic flow
75,County volunteer fire departments need to be upgraded to fit the current population of Warren County.
75,Some local politicians abuse their power and get away with more than normal citizens.
82,The city should actually time stoplights correctly during rush hour to prevent complete gridlock
78,"Prevent the development of new housing areas, especially in farm land areas."
67,"More choices when it comes to internet.  BGMU has been offering service to businesses for a while, they should expand to offer to residents."
62,WKU should upgrade their CIT program to keep up with the times
56,"11,000 Total American deaths from cocaine is not equal to 45,000 deaths from opoids, therefore false race-baiting news is a problem."
54,Individuals should be treated equally. Higher positions or who you work for should not release anyone from responsibility of their actions.
50,There isn’t enough here to draw young families. We need a beautification of the riverfront and a more walkable city for young professionals
47,"Something needs to be done with the river area- river walk, park, restaurants, summer events- to give the communities ways to get together."
6,"I would like to see part of the downtown area converted to an ""art district"". Something similar to the Wynnwood Walls in Miami, FL."
44,We need a real bus system.
44,We need more things to do for ages 1-6. A children’s museum or a small science museum would be wonderful.
36,Every school has 1-9% homeless people. This is for the government to deal with via economic policy.  Not sending to a NGO or giving a shanty
36,"Temp svc need to furnish the equivalent of FMLA, despite not having 50 people at one single site."
36,Temp service need to pay higher hourly rate to temp than hiring firm pays their FTE to account for reduced economic security
36,"City needs to mandate temp services furnish details of how much they are selling employee labor for, to the employee."
36,City needs to bar big COs employing from half a dozen temp services to keep 100s ineligble for FMLA due to less than 50 ppl/per 'employer'
36,A person should not miss rent (say due to a car breakdown) and face eviction in less than 2 weeks (before next payday). Make it 30 days.
36,City should bar garbage token health plans designed to prevent temp services paying $166/month Obamacare emp. fee. Let ppl get subsidy.
36,"City should bar non-competes, similar to North Dakota/California, as driving destitution in non-tenure work force. Be heroic destination."
18,Continue downtown development to the river.  Tourists always seek out parks & restaurants near water.
22,I still have to drive out of town to eat Golden Corral.
24,We already have a lot of parks. And the libraries have become a hangout for the homeless.  Do something about that problem first
13,I would like to see a sift in city planning and zoning to make BG a more walkable city with better sidewalk planning
6,"I would like to see the WKU psych and Medical programs collaborate on mental health research, which is so sadly lacking in today's society."
6,"If the state cannot provide good retirement benefits to KRS employees, the county/city should supplement the retirement with a 401k."
6,Fewer students per teacher should be a rule. No more than 20; ideal class size of 15. Plenty of teachers are looking for work.
6,"If strict dress codes are required, uniforms should be provided by the school system, not eat into the  parents possibly small budget."
6,"All students in Warren county should have the best available education, not the Kentucky minimum, at all times."
6,All schools in the county and city should work together to provide the same minimum level of education to students.
6,"More youth programs are needed to bring the community together: volunteer organizations, community service, innovative creations labs"
6,"I would like to see a revitalization of older parts of Bowling Green, by giving home improvement grants to home owners. Approval process req"
6,"I would like to see more community art and music programs. For instance, I would love to sign up for a community choir."
6,"I would like to see more aid for the homeless whether: tiny house park, health clinic, rehabilitation, job readiness sources."
5,We need a WHOLE FOOD store.
0,"Our local immigrant population has, overall, been a benefit to our city and county."
0,"The fact that there is not as much coverage about African American deaths from cocaine as there is about deaths in the white community from opioids, even though there are as many of them, is evidence of institutionalized racism."
0,Cutting a major sports program would be the best way for WKU to deal with budget cuts without harming academics.
0,A city should have the right to declare itself a sanctuary city.
0,"Homelessness is for the nonprofit sector to deal with, not government."
0,"No family should be homeless in Bowling Green / Warren County, and it is up to our officials to make sure they have options for shelter."
0,"No child should go hungry in Bowling Green / Warren County, and it is up to our officials to make sure it doesn’t happen."
0,Crime is worse in Bowling Green / Warren County than it was a decade ago.
0,The arts are an important component of K-12 education.
0,It is embarrassing that our city is the largest in the state not to have a fairness ordinance.
0,More nonviolent inmates convicted of drug possession should be set free.
0,Beautification projects and other quality-of-life enhancements like parks and libraries help attract new residents and industries to our city/county.
0,"If private schools were to get a share of Federal or State education dollars, it would hurt public schools."
0,The main purpose of higher education is job training.
0,"WKU and local community colleges should continue to offer courses that interest those seeking an education, whether or not the courses aid in job placement."
0,I regularly discuss politics with people I disagree with.
0,Recreational marijuana should be legal.
0,Medical marijuana should be legal.
0,Law enforcement should send drug possession arrestees for rehabilitation services rather than imprisonment.
0,"In order to better combat the opioid epidemic, it is time to view drug addiction as a health problem rather than a criminal justice problem."
0,Harsher sentences for drug users would help combat the opioid epidemic.
0,Opinion pieces without a specific author make it more confusing to determine whether a media source is biased or not.
0,"Most journalists strive to be factual and unbiased, whether or not they succeed in all their writing,"
0,Local law enforcement would benefit from additional training in community relations.
0,Most local officials run for office to serve the public good.
0,"I should be able to vote in city elections if I pay city taxes, even though I may live in the county."
0,Officials that use social media accounts in a professional capacity should not be allowed to block constituents except under rare conditions like being threatened.
0,University management bears more responsibility than federal and state education funding cuts for tuition rising so much over the years.
0,Local schools should help make up the pension fund crisis by learning to live with budget cuts.
